{
  "name": "BBAC Framework Development",
  "image": "osrf/ros:humble-desktop-full",
  
  "features": {
    "ghcr.io/devcontainers/features/python:1": {
      "version": "3.10"
    },
    "ghcr.io/devcontainers/features/git:1": {}
  },
  
  "customizations": {
    "vscode": {
      "extensions": [
        "ms-python.python",
        "ms-python.vscode-pylance",
        "ms-toolsai.jupyter",
        "charliermarsh.ruff",
        "ms-azuretools.vscode-docker",
        "redhat.vscode-yaml",
        "ms-vscode.cpptools"
      ],
      "settings": {
        "python.defaultInterpreterPath": "/usr/bin/python3",
        "python.linting.enabled": true,
        "python.linting.pylintEnabled": false,
        "python.linting.flake8Enabled": true,
        "python.formatting.provider": "black",
        "editor.formatOnSave": true,
        "files.exclude": {
          "**/__pycache__": true,
          "**/*.pyc": true
        }
      }
    }
  },
  
  "postCreateCommand": "bash -c 'pip install -r requirements.txt && echo \"BBAC Framework environment ready!\"'",
  
  "remoteEnv": {
    "ROS_DOMAIN_ID": "42",
    "ROS_LOCALHOST_ONLY": "1"
  },
  
  "forwardPorts": [8888],
  
  "mounts": [
    "source=${localWorkspaceFolder}/data,target=/workspace/data,type=bind"
  ]
}
